{"mean":{"confidence_interval":{"confidence_level":0.95,"lower_bound":2921539.129361111,"upper_bound":2933555.4268750004},"point_estimate":2926820.141666667,"standard_error":3087.2453828330817},"median":{"confidence_interval":{"confidence_level":0.95,"lower_bound":2916601.861111111,"upper_bound":2925391.222222222},"point_estimate":2920042.805555556,"standard_error":2341.629212636228},"median_abs_dev":{"confidence_interval":{"confidence_level":0.95,"lower_bound":10247.813384731533,"upper_bound":21832.314195732353},"point_estimate":14904.865818719836,"standard_error":3021.3200260885333},"slope":null,"std_dev":{"confidence_interval":{"confidence_level":0.95,"lower_bound":15766.32691851073,"upper_bound":46304.797140881536},"point_estimate":30924.992869383226,"standard_error":8608.389005980514}}