{"mean":{"confidence_interval":{"confidence_level":0.95,"lower_bound":3339434.19625,"upper_bound":3369550.513953125},"point_estimate":3354385.08125,"standard_error":7748.550951818452},"median":{"confidence_interval":{"confidence_level":0.95,"lower_bound":3326369.75,"upper_bound":3397843.75},"point_estimate":3342822.9375,"standard_error":18941.417106357927},"median_abs_dev":{"confidence_interval":{"confidence_level":0.95,"lower_bound":63859.06613455627,"upper_bound":127986.18402779102},"point_estimate":116720.04582155496,"standard_error":15994.597760439632},"slope":null,"std_dev":{"confidence_interval":{"confidence_level":0.95,"lower_bound":68920.64691541246,"upper_bound":86116.65727175931},"point_estimate":77705.396476084,"standard_error":4394.359247263838}}