{"mean":{"confidence_interval":{"confidence_level":0.95,"lower_bound":31498140.42,"upper_bound":33107978.595375},"point_estimate":32043649.195,"standard_error":518600.945990667},"median":{"confidence_interval":{"confidence_level":0.95,"lower_bound":31463104.0,"upper_bound":31506698.0},"point_estimate":31485843.75,"standard_error":10428.539008866463},"median_abs_dev":{"confidence_interval":{"confidence_level":0.95,"lower_bound":78423.21902520958,"upper_bound":123936.46219968796},"point_estimate":101712.65924423933,"standard_error":11468.809240512233},"slope":null,"std_dev":{"confidence_interval":{"confidence_level":0.95,"lower_bound":123471.02940641885,"upper_bound":8946637.11571603},"point_estimate":5218388.335582222,"standard_error":3198683.19101697}}