{"mean":{"confidence_interval":{"confidence_level":0.95,"lower_bound":5836534.029361111,"upper_bound":5920128.23525},"point_estimate":5877402.1222222205,"standard_error":21394.33772009419},"median":{"confidence_interval":{"confidence_level":0.95,"lower_bound":5715388.888888889,"upper_bound":5835162.0},"point_estimate":5740988.388888889,"standard_error":32336.297140601502},"median_abs_dev":{"confidence_interval":{"confidence_level":0.95,"lower_bound":30362.411960959205,"upper_bound":204759.9879314499},"point_estimate":71205.89970250963,"standard_error":45611.457386936854},"slope":null,"std_dev":{"confidence_interval":{"confidence_level":0.95,"lower_bound":186871.1553303202,"upper_bound":244287.33153277868},"point_estimate":216305.43263137835,"standard_error":14663.660202467829}}